Country Name,Country Code,year,SI.POV.GINI,SI.POV.NAHC,EN.GHG.CO2.PC.CE.AR5,ER.PTD.TOTL.ZS,NY.GDP.MINR.RT.ZS,SP.POP.TOTL,NY.GDP.FRST.RT.ZS,NY.GDP.TOTL.RT.ZS,country_id,v2x_libdem,v2x_egaldem,v2x_api
Barbados,BRB,2000,NA,NA,2.24373528502688,NA,0,262063,0.0047336582060701,0.380670352993213,147,0.654,0.624,0.898
Barbados,BRB,2001,NA,NA,2.15261503286653,NA,0,262425,0.00498886955844384,0.246298575712051,147,0.654,0.624,0.898
Barbados,BRB,2002,NA,NA,2.29454699638082,NA,0,264148,0.0053931188861476,0.243476236193269,147,0.654,0.624,0.898
Barbados,BRB,2003,NA,NA,2.39750767563663,NA,0,265776,0.00574792383356973,0.22450334353528,147,0.652,0.624,0.897
Barbados,BRB,2004,NA,NA,2.35953879191015,NA,0,267298,0.00504109875092721,0.23925567556558,147,0.65,0.623,0.896
Barbados,BRB,2005,NA,NA,2.40299807224253,NA,0,268706,0.00558566493870376,0.356611997189558,147,0.65,0.638,0.896
Barbados,BRB,2006,NA,NA,2.58479566818024,NA,0,270002,0.00728357641092893,0.397643724326972,147,0.648,0.638,0.896
Barbados,BRB,2007,NA,NA,2.47559788859072,NA,0,271288,0.00802297927293625,0.354933567682052,147,0.65,0.638,0.896
Barbados,BRB,2008,NA,NA,2.90450801939028,NA,0,272714,0.0091027491038749,0.400710135217005,147,0.665,0.656,0.905
Barbados,BRB,2009,NA,NA,2.91365554878649,NA,0,274123,0.00981050775506665,0.217755377729703,147,0.666,0.656,0.905
Barbados,BRB,2010,NA,NA,2.98063892633055,NA,0,275243,0.013925409947231,0.297144735120965,147,0.667,0.656,0.905
Barbados,BRB,2011,NA,NA,2.45854442871163,NA,0,276139,0.0129284343106735,0.478258261538397,147,0.667,0.656,0.905
Barbados,BRB,2012,NA,NA,2.32398587409456,NA,0,276938,0.0128037195471823,0.455018922008083,147,0.667,0.656,0.905
Barbados,BRB,2013,NA,NA,2.63158842490051,0,0,277665,0.0143277426548344,0.383795670096944,147,0.664,0.653,0.904
Barbados,BRB,2014,NA,NA,2.39628091453864,0,0,278348,0.0139118406793979,0.327779295536994,147,0.662,0.653,0.903
Barbados,BRB,2015,NA,NA,2.57894548191691,0,0,278990,0.0140183098105478,0.129202531392543,147,0.662,0.635,0.901
Barbados,BRB,2016,34.1,25.7,2.76396826872867,0,0,279598,0.0144344491959632,0.0966644797426343,147,0.662,0.635,0.901
Barbados,BRB,2017,NA,NA,2.43387074322467,0,0,280171,0.0142190107395456,0.13228226291345,147,0.66,0.628,0.9
Barbados,BRB,2018,NA,NA,2.77224618914114,0,0,280711,0.0136371161337672,0.214063429251287,147,0.656,0.634,0.901
Barbados,BRB,2019,NA,NA,3.08882780300633,0,0,281207,0.0110390148517489,0.230547661622418,147,0.668,0.657,0.909
Barbados,BRB,2020,NA,NA,2.38766338419158,0,0,281698,0.0140034293817915,0.138343276363777,147,0.692,0.683,0.918
Barbados,BRB,2021,NA,NA,2.30908001857188,0,0,282147,0.0118265512664033,0.328405869203115,147,0.686,0.679,0.916
Barbados,BRB,2022,NA,NA,2.44015613598849,0,NA,282318,NA,NA,147,0.682,0.677,0.914
Barbados,BRB,2023,NA,NA,2.44602176130568,0,NA,282336,NA,NA,147,0.684,0.681,0.914
Barbados,BRB,2024,NA,NA,2.52348061897496,0.1,NA,282467,NA,NA,147,0.685,0.681,0.914
Argentina,ARG,2000,51,NA,3.67485781688948,NA,0.00202036861517756,37213984,0.0400915626044695,2.36414526373118,37,0.67,0.653,0.928
Argentina,ARG,2001,53.3,NA,3.49042420795313,NA,0.00111911886452934,37624825,0.0391527058715377,1.91854085449722,37,0.674,0.652,0.929
Argentina,ARG,2002,53.8,NA,3.26103662726385,NA,0.199715933167191,38029349,0.196348319907021,5.63090239331634,37,0.661,0.649,0.925
Argentina,ARG,2003,51,NA,3.51848864736106,NA,0.189784357636658,38424282,0.143363238318986,4.54405237920157,37,0.638,0.636,0.917
Argentina,ARG,2004,48.5,NA,3.85579719412006,NA,0.226514483940778,38815916,0.10675086525158,4.29522015828479,37,0.632,0.627,0.91
Argentina,ARG,2005,47.8,NA,3.91742679391727,NA,0.208636458798292,39216789,0.0989381386746484,5.18727382834912,37,0.625,0.625,0.909
Argentina,ARG,2006,46.4,NA,4.1027920897206,NA,0.550799857825752,39622115,0.100092589484241,5.77560944191323,37,0.614,0.613,0.903
Argentina,ARG,2007,46.3,NA,4.32534235715168,NA,0.431152490862906,40016763,0.0952376049006657,4.83861569507875,37,0.61,0.62,0.904
Argentina,ARG,2008,45,NA,4.43359004127929,NA,0.308451843578567,40424148,0.0869411331555462,4.94937994883837,37,0.59,0.606,0.896
Argentina,ARG,2009,43.8,NA,4.03429401041948,NA,0.299002837971809,40854831,0.0990673892424989,3.09834695426024,37,0.583,0.598,0.891
Argentina,ARG,2010,43.7,NA,4.2945461050427,NA,0.522757302492207,41288694,0.11906716574484,3.25709519384359,37,0.578,0.596,0.886
Argentina,ARG,2011,42.7,NA,4.42921822947444,NA,0.516427776041125,41730660,0.085001252971464,3.88650404225898,37,0.573,0.597,0.888
Argentina,ARG,2012,41.4,NA,4.47886128746974,NA,0.43194166388869,42161721,0.0925680732688514,3.62564790864033,37,0.582,0.606,0.895
Argentina,ARG,2013,41.1,NA,4.53658672333476,5,0.230446181526568,42582455,0.113735612627551,3.15558730477948,37,0.588,0.607,0.899
Argentina,ARG,2014,41.8,NA,4.41674615124171,7.3,0.237871846918485,43024071,0.0994732733400688,2.96561619466374,37,0.595,0.614,0.902
Argentina,ARG,2015,NA,NA,4.51258701954955,7.4,0.0765780091289773,43477012,0.0993779998941998,1.11677493458146,37,0.59,0.603,0.895
Argentina,ARG,2016,42.3,30.3,4.4223010437306,7.5,0.145541934044561,43900313,0.115269172803386,0.929681521135013,37,0.612,0.594,0.889
Argentina,ARG,2017,41.4,25.7,4.32102910494897,7.5,0.103008865365039,44288894,0.121719644809335,1.02056616793198,37,0.609,0.577,0.889
Argentina,ARG,2018,41.7,32,4.25075806940885,7.2,0.182567164137328,44654882,0.141933579237551,2.0371251352841,37,0.63,0.613,0.903
Argentina,ARG,2019,43.3,35.5,4.07504069344001,9.4,0.187297066049264,44973465,0.164312356166249,2.16668838721926,37,0.618,0.612,0.902
Argentina,ARG,2020,42.7,42,3.72002854932287,9.4,0.257461778111357,45191965,0.196741025437941,1.42962432529499,37,0.634,0.625,0.911
Argentina,ARG,2021,42.4,37.3,4.09769704597303,9.4,0.580266654524776,45312281,0.138885076654013,2.65308888983975,37,0.639,0.621,0.911
Argentina,ARG,2022,40.7,39.2,4.2953116708492,9.6,NA,45407904,NA,NA,37,0.654,0.654,0.928
Argentina,ARG,2023,42.4,41.7,4.16990486776205,9.6,NA,45538401,NA,NA,37,0.695,0.661,0.931
Argentina,ARG,2024,42.4,38.1,4.01066531653131,9.7,NA,45696159,NA,NA,37,0.558,0.544,0.874
Bolivia,BOL,2000,61.6,NA,0.953345248599693,NA,0.278147845667971,8606326,0.361398804732755,4.61282788346862,25,0.527,0.495,0.885
Bolivia,BOL,2001,57.4,NA,0.906722195208447,NA,0.121156626329288,8752736,0.40627664317731,4.33368686543391,25,0.52,0.496,0.881
Bolivia,BOL,2002,59.3,NA,0.951411488642869,NA,0.224689917053631,8900355,0.417839981877555,4.94485124710044,25,0.51,0.468,0.872
Bolivia,BOL,2003,NA,NA,0.996508557349155,NA,0.23473798970115,9050700,0.481903751573644,5.31627802754268,25,0.515,0.464,0.872
Bolivia,BOL,2004,55,NA,1.02693451431925,NA,0.56359830222864,9204287,0.459734192518509,7.4299811875095,25,0.541,0.489,0.89
Bolivia,BOL,2005,58.5,NA,1.06158115040733,NA,0.913753281667752,9360754,0.464507522340972,11.5452208680479,25,0.534,0.462,0.885
Bolivia,BOL,2006,56.7,NA,1.13232011673559,NA,3.57670624063231,9521689,0.593578443969394,14.6334565247073,25,0.462,0.488,0.875
Bolivia,BOL,2007,54.5,NA,1.23849365473324,NA,4.52067350442681,9685960,0.603823920302715,13.9849345825977,25,0.458,0.486,0.872
Bolivia,BOL,2008,50.8,NA,1.30378490888814,NA,3.46252645043463,9850858,0.540486914656739,12.7766867611472,25,0.453,0.485,0.871
Bolivia,BOL,2009,49.2,NA,1.36372054481332,NA,1.63166193147975,10016275,0.512193886119305,7.44851742232197,25,0.435,0.492,0.869
Bolivia,BOL,2010,NA,NA,1.45277929592839,NA,3.2482634773025,10182345,0.752848711619947,9.16161212209317,25,0.4,0.47,0.851
Bolivia,BOL,2011,46.1,NA,1.55521407094396,NA,5.12663676709338,10348929,0.569436020067797,14.001095606139,25,0.398,0.468,0.849
Bolivia,BOL,2012,46.6,NA,1.62055085263547,NA,3.23074692838332,10515807,0.495336634150012,12.3531411069095,25,0.391,0.456,0.846
Bolivia,BOL,2013,47.6,NA,1.69450194184791,21.4,2.55541456378636,10682608,0.527771950731095,11.9598682861297,25,0.396,0.449,0.838
Bolivia,BOL,2014,47.8,NA,1.7940087500212,25.3,2.18635765248212,10848888,0.533507062536753,10.5328802221264,25,0.391,0.442,0.832
Bolivia,BOL,2015,46.7,NA,1.81142391012742,30.9,0.154530695755321,11014705,0.484734185185111,4.11807754841214,25,0.368,0.416,0.81
Bolivia,BOL,2016,45.2,43,1.91061375561046,30.9,0.707160512505969,11180020,0.550677417680815,2.97275312620724,25,0.375,0.414,0.817
Bolivia,BOL,2017,44.6,42.2,1.92014923064189,30.9,2.42321513255476,11344587,0.473458902275322,5.01456692473101,25,0.36,0.408,0.81
Bolivia,BOL,2018,42.6,39.9,1.90865464156169,30.9,1.16643513443381,11508368,0.501945655452041,5.37166725772886,25,0.341,0.399,0.799
Bolivia,BOL,2019,41.6,37.2,1.88492609189688,30.9,0.562741001877922,11671386,0.436523344746749,4.09529358747088,25,0.241,0.294,0.691
Bolivia,BOL,2020,43.6,39,1.57121108732946,30.9,0.453988608258518,11816299,0.563622747867575,2.7203797976672,25,0.209,0.199,0.502
Bolivia,BOL,2021,40.9,36.4,1.83202986254917,30.9,5.91005603334556,11937360,0.43985726005293,9.46769419569564,25,0.362,0.399,0.809
Bolivia,BOL,2022,41.2,37.7,1.93607699297368,30.9,NA,12077154,NA,NA,25,0.338,0.388,0.797
Bolivia,BOL,2023,42.1,36.5,1.99475521348588,30.9,NA,12244159,NA,NA,25,0.344,0.386,0.795
Bolivia,BOL,2024,40.9,37.7,2.29073378062186,30.9,NA,12413315,NA,NA,25,0.31,0.38,0.789
Brazil,BRA,2000,NA,NA,2.00787868943563,NA,0.287289488101813,174018282,0.438064493350754,2.15912007223176,19,0.717,0.579,0.938
Brazil,BRA,2001,58.4,NA,1.9928207750233,NA,0.427934714658352,176301203,0.509251684618048,2.23774123802714,19,0.717,0.579,0.938
Brazil,BRA,2002,58.1,NA,1.96879630651915,NA,0.427572122123379,178503484,0.681429263465327,2.8154673100718,19,0.721,0.607,0.939
Brazil,BRA,2003,57.6,NA,1.91839410561756,NA,0.216753354731614,180622688,0.724539472420437,2.70034429443933,19,0.722,0.606,0.938
Brazil,BRA,2004,56.5,NA,1.99978275095698,NA,0.0993366848795947,182675143,0.517651207997797,2.53496036492128,19,0.722,0.608,0.938
Brazil,BRA,2005,56.3,NA,1.99935674253319,NA,0.824394034854481,184688101,0.422735363715426,3.65047497650545,19,0.772,0.622,0.944
Brazil,BRA,2006,55.6,NA,2.00204169117872,NA,0.885931939469878,186653106,0.458308289543459,3.82714515901824,19,0.77,0.622,0.944
Brazil,BRA,2007,54.9,NA,2.08496718576573,NA,1.54918209203662,188552320,0.447859779319575,4.10201494553661,19,0.769,0.62,0.944
Brazil,BRA,2008,54,NA,2.16839391882541,NA,1.86813935454653,190367302,0.4093925100164,4.7760488329414,19,0.769,0.62,0.944
Brazil,BRA,2009,53.7,NA,2.00746250710986,NA,0.590993460618904,192079951,0.424208814286566,2.38487387569911,19,0.769,0.62,0.944
Brazil,BRA,2010,NA,NA,2.27112813109879,NA,1.63133477933765,193701929,0.49300454638061,3.64871282999395,19,0.776,0.631,0.946
Brazil,BRA,2011,52.9,NA,2.37418967936326,NA,1.81291052174163,195284734,0.421846673483131,4.33686638966397,19,0.781,0.635,0.947
Brazil,BRA,2012,53.4,NA,2.52901988702936,NA,1.28444928435221,196876111,0.459624079131087,3.85552495977285,19,0.777,0.629,0.946
Brazil,BRA,2013,52.7,NA,2.63744450973958,18.9,1.36949504191434,198478299,0.514116810125036,3.78686028400519,19,0.781,0.626,0.946
Brazil,BRA,2014,52.1,NA,2.7310345760982,20.4,0.819525992656112,200085127,0.527974362470003,3.28623279487755,19,0.783,0.626,0.947
Brazil,BRA,2015,51.9,NA,2.56818858918394,20.4,0.570992536585529,201675532,0.693497347620783,2.35832735012319,19,0.769,0.608,0.941
Brazil,BRA,2016,53.4,NA,2.37533549789759,20.7,0.771513115023924,203218114,0.799001693613266,2.43013532231265,19,0.653,0.495,0.904
Brazil,BRA,2017,53.3,NA,2.41694955353585,20.7,0.827049853703138,204703445,0.745436739085668,2.73375767842298,19,0.641,0.482,0.901
Brazil,BRA,2018,53.9,NA,2.28562350357953,28.6,0.839935533119731,206107261,0.804438384714903,3.61759120230309,19,0.608,0.446,0.888
Brazil,BRA,2019,53.5,NA,2.25869881785082,29.2,0.79915174911943,207455459,0.663749454566288,3.21717303299592,19,0.528,0.395,0.858
Brazil,BRA,2020,48.8,NA,2.1466461829,29.2,1.14458939921673,208660842,0.952656139464627,3.22987656043381,19,0.534,0.397,0.863
Brazil,BRA,2021,52.9,NA,2.41580858865319,29.3,4.48894018515032,209550294,0.763404742957637,7.94111199933246,19,0.531,0.394,0.858
Brazil,BRA,2022,51.9,NA,2.27889577215227,29.3,NA,210306415,NA,NA,19,0.54,0.4,0.863
Brazil,BRA,2023,51.5,NA,2.27447826989363,29.5,NA,211140729,NA,NA,19,0.695,0.557,0.908
Brazil,BRA,2024,50.3,NA,2.31826466114939,29.4,NA,211998573,NA,NA,19,0.712,0.569,0.913
Chile,CHL,2000,52.8,36,3.47382404191017,NA,4.3408550303353,15503635,0.416011724609717,4.87094937341686,72,0.81,0.614,0.948
Chile,CHL,2001,NA,NA,3.29401921683893,NA,3.31968916729076,15683849,0.511792362706909,3.94016087143578,72,0.811,0.614,0.948
Chile,CHL,2002,NA,NA,3.29162863363271,NA,2.82461629362167,15857925,0.778077491733223,3.69658229472728,72,0.817,0.614,0.95
Chile,CHL,2003,51.5,35.4,3.37761857406592,NA,4.38038439919149,16024752,0.5550393113707,5.01162090891452,72,0.817,0.614,0.95
Chile,CHL,2004,NA,NA,3.61395788630139,NA,9.08081866316417,16187322,0.413738445575159,9.56665341226193,72,0.817,0.614,0.95
Chile,CHL,2005,NA,NA,3.6175914799259,NA,9.27535102760256,16348778,0.434217132404555,9.79630843278012,72,0.821,0.634,0.948
Chile,CHL,2006,47.7,28.7,3.65616252034094,NA,16.8703851667569,16509195,0.405534974488473,17.3488493708667,72,0.839,0.646,0.956
Chile,CHL,2007,NA,NA,4.06392771027535,NA,16.5646131991133,16671581,0.520496015015878,17.1517567156625,72,0.842,0.646,0.956
Chile,CHL,2008,NA,NA,4.23564646521513,NA,13.0984754101501,16838988,0.628706553302093,13.8254393455321,72,0.841,0.646,0.956
Chile,CHL,2009,47.4,24.8,4.01098641712794,NA,8.12539086996139,17009731,0.587715134082397,8.79204050030603,72,0.836,0.642,0.953
Chile,CHL,2010,NA,NA,4.2093619030369,NA,11.317663311545,17181464,0.616495495596412,11.9881628362203,72,0.837,0.659,0.953
Chile,CHL,2011,46.9,21.7,4.55717718537356,NA,11.524686737595,17351816,0.566021853462164,12.1645185437385,72,0.839,0.664,0.954
Chile,CHL,2012,NA,NA,4.64341271955513,NA,8.45777139773805,17519119,0.519691887331636,9.05442637303188,72,0.844,0.669,0.955
Chile,CHL,2013,46.8,13.9,4.82901967693119,6.8,7.00031067490142,17687006,0.573829483564454,7.66232423505302,72,0.846,0.672,0.956
Chile,CHL,2014,NA,NA,4.4057176939683,6.8,6.15970096777187,17864195,0.640187552028643,6.87780503013052,72,0.85,0.675,0.955
Chile,CHL,2015,45.3,11.2,4.67539634716479,6.8,3.28771652306778,18047625,0.718286897682067,4.04461870413776,72,0.839,0.665,0.952
Chile,CHL,2016,NA,NA,4.86474105721938,13.6,2.42915567711849,18267221,0.747814491215409,3.20569572328577,72,0.839,0.659,0.952
Chile,CHL,2017,45.3,8.5,4.83609776199712,13.9,4.40604754508335,18558868,0.862586901472617,5.30261792520974,72,0.842,0.664,0.954
Chile,CHL,2018,NA,NA,4.75406192633103,27,4.99157894253016,18893191,0.794710492382897,5.83707726201581,72,0.803,0.64,0.945
Chile,CHL,2019,NA,NA,4.96139546396702,37.6,1.75323566107489,19197744,0.765194809303828,2.56889266052365,72,0.761,0.613,0.927
Chile,CHL,2020,47,10.7,4.51770681212954,37.8,4.60239970949196,19370624,0.860652964691752,5.48716936741024,72,0.766,0.596,0.931
Chile,CHL,2021,NA,NA,4.57991726498939,37.8,16.2274265774554,19456334,0.642780125199411,16.9044168802743,72,0.777,0.616,0.932
Chile,CHL,2022,43.2,6.5,4.62474983424569,37.9,NA,19553036,NA,NA,72,0.776,0.608,0.929
Chile,CHL,2023,NA,NA,3.91719041336885,37.9,NA,19658835,NA,NA,72,0.779,0.613,0.93
Chile,CHL,2024,43,NA,3.93744000373189,37.9,NA,19764771,NA,NA,72,0.786,0.625,0.934
Colombia,COL,2000,58.4,NA,1.62232046746357,NA,0.389708655622565,39089934,0.148326811166219,5.79241275178545,15,0.426,0.318,0.774
Colombia,COL,2001,57.3,NA,1.58737525769177,NA,0.152327976739115,39709262,0.145577434723163,3.898278216233,15,0.422,0.315,0.768
Colombia,COL,2002,56,NA,1.50246201581761,NA,0.224937813829373,40324680,0.139516276969955,3.95007189063968,15,0.414,0.308,0.763
Colombia,COL,2003,53.6,NA,1.46690208610805,NA,0.620164530768051,40937429,0.155687458830806,4.56302920257189,15,0.421,0.312,0.766
Colombia,COL,2004,55,NA,1.44656025415104,NA,0.841593768194265,41543171,0.109424467464506,5.92813672580534,15,0.424,0.312,0.767
Colombia,COL,2005,53.9,NA,1.46901976755809,NA,0.80580348647962,42128977,0.0965998792342974,6.26115845587611,15,0.428,0.317,0.772
Colombia,COL,2006,NA,NA,1.38318811487663,NA,1.23045243442855,42691084,0.108781780826151,7.29062678619221,15,0.449,0.332,0.787
Colombia,COL,2007,NA,NA,1.41654840316635,NA,1.22421445839599,43235374,0.0930564086209007,6.6997731158152,15,0.461,0.34,0.795
Colombia,COL,2008,55,NA,1.39852072752987,NA,0.483899310883528,43758808,0.095402921197433,8.78822691726813,15,0.462,0.343,0.797
Colombia,COL,2009,54.1,NA,1.47547382640238,NA,0.558259226379061,44271541,0.129557535076959,4.85703346033699,15,0.465,0.342,0.798
Colombia,COL,2010,54.4,NA,1.52200045741908,NA,0.735935017297204,44777319,0.172103286971127,6.70109253013503,15,0.498,0.373,0.821
Colombia,COL,2011,53.3,NA,1.61663552853102,NA,0.779801054641043,45259614,0.134342784008874,9.86049155221695,15,0.539,0.4,0.843
Colombia,COL,2012,53.6,41,1.61000537888315,NA,0.686447911012174,45715810,0.127700993861575,8.29683079092449,15,0.54,0.398,0.843
Colombia,COL,2013,53.5,38.7,1.8121783209001,18.1,0.349514038217319,46151584,0.150722492023095,7.3843393604104,15,0.537,0.404,0.848
Colombia,COL,2014,53.6,37,1.82364474726519,18.1,0.264573877688045,46565429,0.160052347346257,6.53057789835517,15,0.545,0.409,0.852
Colombia,COL,2015,52,36.8,1.83556759919216,9.3,0.174415252189526,46969940,0.178719664637305,3.70587614553491,15,0.551,0.42,0.854
Colombia,COL,2016,51.7,36.8,1.8654751539246,9.4,0.28236548926945,47437512,0.184468318968829,3.09947714544169,15,0.547,0.413,0.854
Colombia,COL,2017,50.9,35.9,1.68289187289759,12.7,0.217285980775992,48131078,0.151403746105176,3.72823321108347,15,0.548,0.416,0.853
Colombia,COL,2018,51.6,35.5,1.74191600051117,15.7,0.146434355249825,49024465,0.108675201327311,4.940258188938,15,0.533,0.395,0.845
Colombia,COL,2019,52.5,36.5,1.72438739011403,15.7,0.19876158397522,49907985,0.101012799765967,4.30433092902696,15,0.511,0.378,0.836
Colombia,COL,2020,54.4,43.1,1.66507219030647,17,0.334771272385278,50629997,0.138644809443495,2.55119417609951,15,0.496,0.349,0.831
Colombia,COL,2021,55.1,39.7,1.80057803586778,17,0.910145514972726,51188173,0.0879916865767101,5.32396445388134,15,0.499,0.364,0.838
Colombia,COL,2022,54.8,36.6,1.70753982802254,16.7,NA,51737944,NA,NA,15,0.561,0.426,0.863
Colombia,COL,2023,54.6,34.6,1.77360964835025,16.7,NA,52321152,NA,NA,15,0.57,0.439,0.871
Colombia,COL,2024,54.4,31.8,1.79780371737796,26.4,NA,52886363,NA,NA,15,0.554,0.425,0.864
Costa Rica,CRI,2000,47.4,20.6,1.30313360027163,NA,6.46314517951147e-4,3937739,1.0137692631934,1.01441557771135,73,0.84,0.79,0.955
Costa Rica,CRI,2001,51.5,20.3,1.379963366939,NA,4.97762772491522e-4,4008947,1.050720686109,1.05121844888149,73,0.841,0.795,0.955
Costa Rica,CRI,2002,51.8,20.6,1.38535541703828,NA,9.5180489289832e-4,4075705,0.951776248802268,0.981118861036768,73,0.843,0.797,0.956
Costa Rica,CRI,2003,49.3,18.5,1.46632440832863,NA,0.00200982825469008,4138784,0.98097937519238,1.02044880139504,73,0.843,0.798,0.956
Costa Rica,CRI,2004,48.4,21.7,1.47144886356872,NA,0.00490037392806359,4200078,0.93482741118721,1.00110593588162,73,0.843,0.797,0.956
Costa Rica,CRI,2005,47.5,21.2,1.49160807652233,NA,0.0149614957385484,4261240,0.973833720845623,1.12142978712725,73,0.839,0.799,0.956
Costa Rica,CRI,2006,49.3,20.2,1.59797655356903,NA,0.0583936415535772,4321340,1.28793534130059,1.49198409303492,73,0.851,0.809,0.961
Costa Rica,CRI,2007,49.3,16.7,1.76101901079574,NA,0.0883425044126957,4380248,1.37239862824046,1.63840228211153,73,0.854,0.811,0.962
Costa Rica,CRI,2008,48.6,17.7,1.71851436108013,NA,0.00701556216592066,4440056,1.3017194957062,1.48654911478283,73,0.854,0.811,0.962
Costa Rica,CRI,2009,50.6,18.5,1.62647554075289,NA,0.00794854259965576,4499791,1.17795012999201,1.2301475943504,73,0.855,0.813,0.962
Costa Rica,CRI,2010,48,24.2,1.58829243966477,NA,0.0173466150644474,4555962,1.60982054344363,1.62716715850808,73,0.857,0.817,0.963
Costa Rica,CRI,2011,48.8,24.8,1.66999542065841,NA,0.033253848839724,4609833,1.23059605246014,1.26384990129987,73,0.856,0.817,0.963
Costa Rica,CRI,2012,48.4,23.5,1.63797343615926,NA,0.0242863788778182,4663934,1.15330585162739,1.2425772572914,73,0.857,0.822,0.963
Costa Rica,CRI,2013,49.2,23.3,1.68258114091864,3,0.00342713896408193,4716147,1.28004345278562,1.34122901696494,73,0.853,0.815,0.962
Costa Rica,CRI,2014,48.6,24.6,1.68785381694898,3,0.00229688333739257,4767119,1.3335436844848,1.387670718648,73,0.854,0.813,0.961
Costa Rica,CRI,2015,48.4,23.6,1.61015749564449,3,0.00141785290308843,4818038,1.11246057199442,1.13397448273593,73,0.854,0.815,0.961
Costa Rica,CRI,2016,48.7,22.9,1.69149442839303,3,0.00213415610925803,4866998,1.2152189312892001,1.23322083330008,73,0.852,0.811,0.959
Costa Rica,CRI,2017,48.3,22.1,1.70887391193112,3,0.00200025050881263,4913177,1.12598376993451,1.13383955527767,73,0.85,0.808,0.958
Costa Rica,CRI,2018,48,22.9,1.70246265595066,3,0,4957818,0.936530070716898,0.945537295658598,73,0.834,0.798,0.954
Costa Rica,CRI,2019,48.2,23.9,1.63874650393745,4.7,0,4999553,0.752703492939289,0.759689840900586,73,0.842,0.804,0.955
Costa Rica,CRI,2020,49.2,30,1.42529676301864,4.8,0,5034320,0.901332331520209,0.904748239780319,73,0.844,0.803,0.956
Costa Rica,CRI,2021,48.7,26.2,1.59152551349924,4.8,0,5059988,0.754441580498447,0.763407374189705,73,0.843,0.794,0.956
Costa Rica,CRI,2022,47.2,25.5,1.61315999460817,28.8,NA,5081765,NA,NA,73,0.813,0.767,0.943
Costa Rica,CRI,2023,46.7,24.4,1.58608566210135,28.8,NA,5105525,NA,NA,73,0.809,0.759,0.942
Costa Rica,CRI,2024,45.8,20.3,1.63283566378358,28.2,NA,5129910,NA,NA,73,0.809,0.762,0.942
Cuba,CUB,2000,NA,NA,2.6101013141558,NA,0.758448871373936,11109109,0.0777662855718157,1.9061358593501,155,0.04,0.233,0.225
Cuba,CUB,2001,NA,NA,2.49667717503705,NA,0.286976709278629,11144132,0.0740450759412024,1.17627917876909,155,0.041,0.233,0.225
Cuba,CUB,2002,NA,NA,2.3766937945776,NA,0.398376406700825,11177418,0.111901476669784,1.36767488938968,155,0.041,0.233,0.225
Cuba,CUB,2003,NA,NA,2.30143800064642,NA,0.801614763360525,11209383,0.104378375204706,1.92021874871511,155,0.04,0.234,0.227
Cuba,CUB,2004,NA,NA,2.25263365447208,NA,1.41256359931533,11238756,0.0868273818153629,2.70599089783315,155,0.04,0.223,0.227
Cuba,CUB,2005,NA,NA,2.32679017565643,NA,1.14142467909218,11262554,0.0850372713818344,2.637736541097,155,0.041,0.225,0.227
Cuba,CUB,2006,NA,NA,2.3753319353995,NA,2.08765491529857,11278550,0.102822533053143,3.74613117909438,155,0.041,0.225,0.227
Cuba,CUB,2007,NA,NA,2.44623324395833,NA,4.9731457818943,11287272,0.0950922719739273,6.72039794760689,155,0.041,0.224,0.226
Cuba,CUB,2008,NA,NA,2.36176603793102,NA,0.989721930731839,11291762,0.0873138386510374,3.18662044497083,155,0.039,0.222,0.209
Cuba,CUB,2009,NA,NA,2.38540684367623,NA,0.592984043923936,11294719,0.0932524639296496,1.7631346184052,155,0.05,0.242,0.333
Cuba,CUB,2010,NA,NA,2.49451002437816,NA,1.1702972760544,11297409,0.122333206164896,2.69060313010367,155,0.05,0.242,0.333
Cuba,CUB,2011,NA,NA,2.45522503021925,NA,0.884147807708422,11301571,0.0981434962907755,2.92694825350704,155,0.051,0.242,0.333
Cuba,CUB,2012,NA,NA,2.55579516374824,NA,0.326318370339285,11303175,0.0892789581522591,2.18752036209115,155,0.052,0.242,0.333
Cuba,CUB,2013,NA,NA,2.56876181773557,4.9,0.0536041471000662,11298167,0.102673607978233,1.71188160483376,155,0.057,0.237,0.336
Cuba,CUB,2014,NA,NA,2.38402768086374,4.9,0.195859030603102,11285775,0.106467229041005,1.66734771791981,155,0.057,0.237,0.335
Cuba,CUB,2015,NA,NA,2.61116898217438,4.9,0.109233697562895,11275065,0.0913634183774704,0.693800859230045,155,0.057,0.237,0.336
Cuba,CUB,2016,NA,NA,2.42368545978683,7.2,0.0238749644752808,11265612,0.0990395692939297,0.469100172114536,155,0.055,0.233,0.338
Cuba,CUB,2017,NA,NA,2.35681925818751,7.2,0.0906302871023188,11247829,0.0921151540394997,0.66367803344131,155,0.058,0.233,0.336
Cuba,CUB,2018,NA,NA,2.38546526365894,7.2,0.243514309322097,11227118,0.0774262752926278,1.10185419907902,155,0.061,0.233,0.353
Cuba,CUB,2019,NA,NA,1.98985150737589,6.7,0.261017130526117,11202846,0.0663165616928447,0.920750895009186,155,0.062,0.246,0.36
Cuba,CUB,2020,NA,NA,1.6536430395816,6.7,0.244316813023768,11176354,0.0741055386504987,0.565351678337536,155,0.06,0.247,0.356
Cuba,CUB,2021,NA,NA,1.95602152386118,6.7,NA,11122168,NA,NA,155,0.056,0.247,0.355
Cuba,CUB,2022,NA,NA,1.78698206661591,6.7,NA,11059820,NA,NA,155,0.056,0.238,0.354
Cuba,CUB,2023,NA,NA,1.81740702369189,6.7,NA,11019931,NA,NA,155,0.055,0.234,0.349
Cuba,CUB,2024,NA,NA,1.9129886264601,6.9,NA,10979783,NA,NA,155,0.056,0.238,0.355
Dominican Republic,DOM,2000,51.5,NA,2.21497893219978,NA,0.317058364257036,8584190,0.0239684281764079,0.341026792433444,114,0.391,0.346,0.844
Dominican Republic,DOM,2001,50,NA,2.19583469940138,NA,0,8720283,0.0227890061773118,0.0227890061773118,114,0.391,0.351,0.848
Dominican Republic,DOM,2002,49.7,NA,2.374394715007,NA,0.00818310706534512,8852235,0.0194646715603647,0.0276477786257098,114,0.388,0.35,0.848
Dominican Republic,DOM,2003,52.1,NA,2.09259494333353,NA,0.515241558007629,8980620,0.0263908367122386,0.541632394719868,114,0.385,0.349,0.848
Dominican Republic,DOM,2004,52.1,NA,1.91386125173149,NA,1.18793379308578,9104892,0.0261963564342343,1.21413014952002,114,0.379,0.344,0.841
Dominican Republic,DOM,2005,50,NA,2.03684886147845,NA,0.704552608290341,9225034,0.0164827820724517,0.721035390362793,114,0.383,0.339,0.837
Dominican Republic,DOM,2006,52,NA,2.20308284293328,NA,1.57147795106193,9341183,0.0347563601497664,1.6062343112117,114,0.378,0.337,0.834
Dominican Republic,DOM,2007,48.9,NA,2.19492921592553,NA,2.49633606037311,9455658,0.0317119433923239,2.52804800376544,114,0.376,0.333,0.83
Dominican Republic,DOM,2008,48.1,NA,2.16443315822516,NA,0.203833346821756,9573130,0.0303136988066284,0.234147045628384,114,0.376,0.335,0.831
Dominican Republic,DOM,2009,48.9,NA,2.04647320109352,NA,0.0957122813826542,9695265,0.0277916316515481,0.123503913034202,114,0.377,0.336,0.832
Dominican Republic,DOM,2010,47.3,NA,2.13109236851685,NA,0.116273238164466,9820175,0.0561269389469561,0.172400177111422,114,0.371,0.326,0.823
Dominican Republic,DOM,2011,47.7,NA,2.12429168575798,NA,0.295353946361018,9945621,0.0448568712636011,0.340210817624619,114,0.364,0.325,0.822
Dominican Republic,DOM,2012,46.1,NA,2.17318836341436,NA,0.404673373832009,10070411,0.0421673349725936,0.446840708804603,114,0.366,0.328,0.817
Dominican Republic,DOM,2013,47.7,NA,2.10753894045547,11,0.974400856614988,10193833,0.0553201134359215,1.02972097005091,114,0.354,0.324,0.808
Dominican Republic,DOM,2014,44.3,NA,2.10372169025182,11.2,0.9733496247505,10315528,0.0641599203946252,1.03750954514513,114,0.352,0.324,0.808
Dominican Republic,DOM,2015,45.2,NA,2.28789566173054,11.2,0.487794699076486,10434829,0.0475531591552256,0.535347858231712,114,0.344,0.321,0.8
Dominican Republic,DOM,2016,45.7,34.8,2.35715917178998,11.2,1.22105831015897,10551430,0.0608896219981325,1.2819479321571,114,0.333,0.299,0.79
Dominican Republic,DOM,2017,42.2,31.2,2.23015375777069,11.2,0.98408437077863,10666843,0.0512601701837899,1.03534454096242,114,0.328,0.294,0.783
Dominican Republic,DOM,2018,43.7,28.3,2.37696846787898,19.2,0.83234888656992,10782053,0.036540576935264,0.868889463505184,114,0.339,0.301,0.791
Dominican Republic,DOM,2019,41.9,25.8,2.61257459696093,19.2,1.0218209372648,10894043,0.0336235048170234,1.05544444208182,114,0.34,0.295,0.789
Dominican Republic,DOM,2020,39.6,30.4,2.44597258432274,19.2,1.19539932542519,11008300,0.0439117686281755,1.23931109405337,114,0.449,0.353,0.843
Dominican Republic,DOM,2021,38.5,30.7,2.66716087668998,19.2,2.0447901942435,11123476,0.032322990953766,2.07711318519727,114,0.484,0.395,0.862
Dominican Republic,DOM,2022,37,27.7,2.85936787390744,18.7,NA,11230734,NA,NA,114,0.478,0.375,0.861
Dominican Republic,DOM,2023,38.4,23,2.89366632939923,18.7,NA,11331265,NA,NA,114,0.471,0.382,0.861
Dominican Republic,DOM,2024,39,19,2.99473457012728,15.3,NA,11427557,NA,NA,114,0.495,0.399,0.869
Ecuador,ECU,2000,56.3,64.4,1.73867458688905,NA,0.0312504676242629,12689206,0.353764628808119,16.7324376195742,75,0.445,0.394,0.856
Ecuador,ECU,2001,NA,54.9,1.88347840635006,NA,0.0101999192713221,12910740,0.293881074495603,9.40733648144871,75,0.445,0.394,0.856
Ecuador,ECU,2002,NA,NA,1.84934747358749,NA,0.0591764232924235,13138472,0.250010764620851,8.38814722027282,75,0.446,0.395,0.856
Ecuador,ECU,2003,53.5,49.9,1.86512333773995,NA,0.104498850632412,13372306,0.238845200527549,8.74010782962713,75,0.454,0.4,0.861
Ecuador,ECU,2004,53.9,44.6,1.96681520153907,NA,0.0862266175887913,13608701,0.230239324591933,12.5726365426945,75,0.452,0.4,0.861
Ecuador,ECU,2005,53.1,42.2,2.08473639953538,NA,0.0904096131303906,13846163,0.209052304128494,16.8498380565704,75,0.454,0.402,0.861
Ecuador,ECU,2006,52.3,37.6,2.19912763838417,NA,0.120095801469637,14086131,0.263955071486812,18.3894115217757,75,0.451,0.399,0.858
Ecuador,ECU,2007,53.4,36.7,2.20911448593679,NA,0.0715927422537484,14328773,0.294768768075374,16.9001920320212,75,0.407,0.429,0.846
Ecuador,ECU,2008,49.8,35.1,2.24142348078606,NA,0.0223541929369212,14575202,0.267515886301042,18.9618727793611,75,0.343,0.418,0.824
Ecuador,ECU,2009,48.5,36,2.38705043871039,NA,0.140750723222177,14825954,0.277257223757117,9.26408283902812,75,0.329,0.411,0.812
Ecuador,ECU,2010,48.8,32.8,2.53722052479008,NA,0.144998503952396,15076695,0.43634400590223,11.7907315375663,75,0.309,0.412,0.796
Ecuador,ECU,2011,45.9,28.6,2.50021091296638,NA,0.193071406393461,15326227,0.350545906433361,16.5773760059007,75,0.304,0.407,0.791
Ecuador,ECU,2012,46.1,27.3,2.48269447452299,NA,0.183332769961552,15572194,0.334498838726345,14.5265186334151,75,0.306,0.411,0.795
Ecuador,ECU,2013,46.9,25.6,2.60378102840693,15.4,0.164424799645526,15807128,0.373993054876864,12.8813253368088,75,0.265,0.378,0.763
Ecuador,ECU,2014,45,22.5,2.71026279559796,15.4,0.0892047794978054,16035124,0.375842676044914,11.5903571785583,75,0.262,0.376,0.76
Ecuador,ECU,2015,46,23.3,2.66047592480738,14.4,0.0643810131639396,16266225,0.353777217138995,4.63202397853143,75,0.263,0.377,0.76
Ecuador,ECU,2016,45,22.9,2.548787986578,14.4,0.0828958421781742,16505139,0.404653909314901,3.75806780861528,75,0.264,0.384,0.765
Ecuador,ECU,2017,44.7,21.5,2.44983761168802,14.4,0.0849569513997177,16759519,0.375864582422932,4.98372023451617,75,0.338,0.39,0.773
Ecuador,ECU,2018,45.4,23.2,2.47598953802116,15,0,17049547,0.318999357333842,7.0964207852671,75,0.458,0.416,0.83
Ecuador,ECU,2019,45.7,25,2.41784020907472,15,0,17340021,0.276947616236113,5.82070104913459,75,0.446,0.406,0.814
Ecuador,ECU,2020,47.3,33,2.08585799722046,15.1,0,17546065,0.352870526886709,2.92430668533391,75,0.481,0.404,0.821
Ecuador,ECU,2021,45.8,27.7,2.32777079470983,15.3,0,17682454,0.282583696370884,6.69943720189179,75,0.454,0.376,0.819
Ecuador,ECU,2022,45.5,25.2,2.47809443692364,20,NA,17823897,NA,NA,75,0.504,0.379,0.84
Ecuador,ECU,2023,44.6,26,2.60232947756693,20,NA,17980083,NA,NA,75,0.463,0.347,0.828
Ecuador,ECU,2024,45.2,28,2.64474970000791,20.1,NA,18135478,NA,NA,75,0.443,0.305,0.829
El Salvador,SLV,2000,51.5,NA,0.975676073120854,NA,0,5943366,0.497077305664038,0.497077305664038,22,0.315,0.227,0.763
El Salvador,SLV,2001,51.3,NA,1.01143420139878,NA,0,5968060,0.485786941180763,0.485786941180763,22,0.326,0.23,0.771
El Salvador,SLV,2002,51.9,NA,1.01123653687692,NA,0,5986631,0.456800582996543,0.470738093792746,22,0.331,0.236,0.776
El Salvador,SLV,2003,50.4,NA,1.09683944534382,NA,0,5998599,0.445015903949503,0.464556781953447,22,0.332,0.232,0.773
El Salvador,SLV,2004,47.8,NA,1.13733125428521,NA,0,6004671,0.430648837938149,0.452387405870909,22,0.336,0.232,0.774
El Salvador,SLV,2005,48.5,NA,1.17101134978182,NA,0,6005578,0.41142655457742,0.546622489459469,22,0.338,0.235,0.776
El Salvador,SLV,2006,45.7,NA,1.23104086937065,NA,0,6002319,0.543464353950394,1.10993470507458,22,0.348,0.242,0.784
El Salvador,SLV,2007,45.2,NA,1.29431410969772,NA,0,6009824,0.565857134335423,1.02476871768865,22,0.351,0.244,0.786
El Salvador,SLV,2008,46.9,NA,1.17600775015727,NA,0,6029297,0.591889847865169,1.1698028573412,22,0.357,0.244,0.787
El Salvador,SLV,2009,45.8,NA,1.14057238430965,NA,0,6048279,0.576957617783252,0.715439137322185,22,0.399,0.27,0.808
El Salvador,SLV,2010,43.5,NA,1.10817799335525,NA,0,6068249,1.02874215933074,1.02874215933074,22,0.422,0.284,0.82
El Salvador,SLV,2011,42.3,NA,1.15322718229029,NA,0,6090127,0.831986551878755,0.832361782908174,22,0.425,0.283,0.82
El Salvador,SLV,2012,41.8,NA,1.14454180790729,NA,0,6113975,0.770673649472211,0.771015636279707,22,0.429,0.288,0.821
El Salvador,SLV,2013,43.4,NA,1.080823263161,2.1,0,6138839,0.938615461501715,0.938918673106463,22,0.437,0.3,0.826
El Salvador,SLV,2014,41.6,NA,1.10571957770258,2.1,0,6162955,1.05479036830975,1.0550593254644,22,0.465,0.319,0.846
El Salvador,SLV,2015,40.6,NA,1.17485133438427,2.2,0,6183676,0.850742982932215,0.850742982932215,22,0.462,0.316,0.842
El Salvador,SLV,2016,40,NA,1.18183137659657,2.2,0,6200800,1.0221138126124,1.0221138126124,22,0.461,0.314,0.842
El Salvador,SLV,2017,38,NA,1.06736376872868,2.2,0,6213533,0.888054016614555,0.88816041131789,22,0.465,0.323,0.85
El Salvador,SLV,2018,38.6,NA,1.14186822838715,2.2,0,6219807,0.663487637976865,0.663649690465912,22,0.428,0.294,0.827
El Salvador,SLV,2019,38.8,NA,1.30285851671355,2.2,0,6222318,0.562223559900046,0.562349124959244,22,0.393,0.285,0.805
El Salvador,SLV,2020,NA,26.2,1.06717705964691,2.1,0,6234673,0.764112473471984,0.764177304476048,22,0.316,0.245,0.752
El Salvador,SLV,2021,39,24.6,1.20400614983067,2.1,0,6255782,0.535114528890792,0.535264947589614,22,0.156,0.191,0.661
El Salvador,SLV,2022,38.8,26.6,1.34798885215862,2.1,NA,6280319,NA,NA,22,0.118,0.156,0.638
El Salvador,SLV,2023,39.8,27.2,1.46387486797945,2.1,NA,6309624,NA,NA,22,0.106,0.165,0.636
El Salvador,SLV,2024,NA,NA,1.50569728627702,2.1,NA,6338193,NA,NA,22,0.09,0.132,0.593
Guatemala,GTM,2000,54.2,NA,0.827443802109015,NA,0.0458793875654051,11697592,0.805690223228915,1.65531507910442,78,0.362,0.23,0.77
Guatemala,GTM,2001,NA,NA,0.849690152122634,NA,0.0202972606620382,11969422,0.86543116790805,1.51688956267975,78,0.362,0.23,0.77
Guatemala,GTM,2002,NA,NA,0.868651411396258,NA,0.0362745745706359,12246915,0.749258551604742,1.49552331731967,78,0.362,0.23,0.77
Guatemala,GTM,2003,NA,NA,0.848429989776336,NA,0.066996009075099,12525842,0.746898280107875,1.55532613964599,78,0.363,0.231,0.77
Guatemala,GTM,2004,NA,NA,0.846049807759606,NA,2.73861117199946e-6,12807402,0.726917937596055,1.45629547212597,78,0.372,0.236,0.776
Guatemala,GTM,2005,NA,NA,0.898994004185174,NA,0.0228390130283717,13087629,0.644920186436473,1.55562794751834,78,0.373,0.236,0.776
Guatemala,GTM,2006,54.5,NA,0.892331145358291,NA,0.250265337461358,13367459,0.832078830336439,1.93392564321639,78,0.374,0.236,0.776
Guatemala,GTM,2007,NA,NA,0.930212627563353,NA,0.421525096458179,13652040,0.778789432854998,1.95055907491986,78,0.386,0.241,0.783
Guatemala,GTM,2008,NA,NA,0.829648772236357,NA,0.3597676209962,13935174,0.736644290570657,1.93184237870205,78,0.395,0.251,0.794
Guatemala,GTM,2009,NA,NA,0.858176268329233,NA,0.45768892679544,14215611,0.767591429206855,1.63784143444565,78,0.396,0.251,0.793
Guatemala,GTM,2010,NA,NA,0.812345449469632,NA,0.639559752057951,14500112,1.53514286279195,2.6452084845277,78,0.397,0.251,0.795
Guatemala,GTM,2011,NA,NA,0.820889438069957,NA,1.0915384290228,14792126,1.1783167061548,2.86196592041548,78,0.393,0.25,0.794
Guatemala,GTM,2012,NA,NA,0.833631164466604,NA,0.588477377720357,15089647,1.0715499454609,2.18105907544831,78,0.391,0.24,0.791
Guatemala,GTM,2013,NA,NA,0.87963888748261,15.7,0.398206056027916,15387337,1.37283099676065,2.18983261245163,78,0.41,0.243,0.79
Guatemala,GTM,2014,48.3,NA,0.926919710682339,15.7,1.03378404595208,15681725,1.58356683665284,2.98111660499136,78,0.412,0.244,0.788
Guatemala,GTM,2015,NA,NA,1.06172507283645,15.7,0.502096478047234,15971743,1.15979900766278,1.78572375354011,78,0.425,0.249,0.798
Guatemala,GTM,2016,NA,NA,1.10787792062825,15.7,0.456913488313399,16268760,1.48066745078496,2.01829626064269,78,0.451,0.268,0.82
Guatemala,GTM,2017,NA,NA,1.02957279184604,15.7,0.192918659311507,16567357,1.19077831522059,1.50289202380162,78,0.444,0.259,0.817
Guatemala,GTM,2018,NA,NA,1.11243324329049,10.1,0.195643364983056,16845685,0.813409564189017,1.19385178218072,78,0.415,0.26,0.806
Guatemala,GTM,2019,NA,NA,1.14962736649855,10.1,0.288723986477922,17103803,0.707415076540027,1.14790981503494,78,0.415,0.246,0.804
Guatemala,GTM,2020,NA,NA,1.01505848395418,10.1,0.353522123526446,17357325,0.945638359128909,1.35250209053897,78,0.402,0.26,0.799
Guatemala,GTM,2021,NA,NA,1.14808238131902,10.1,1.12230150760647,17598650,0.688766877489161,1.92928512463796,78,0.359,0.238,0.776
Guatemala,GTM,2022,NA,NA,1.06185178214753,10.1,NA,17847877,NA,NA,78,0.314,0.214,0.742
Guatemala,GTM,2023,45.2,56,1.11051475329048,10.1,NA,18124838,NA,NA,78,0.338,0.228,0.74
Guatemala,GTM,2024,NA,NA,1.1066501528086,10.2,NA,18406359,NA,NA,78,0.492,0.298,0.81
Guyana,GUY,2000,NA,NA,2.17315698087946,NA,7.51547547185132,764832,7.99236242459034,15.5078378964417,166,0.334,0.363,0.758
Guyana,GUY,2001,NA,NA,2.1525827461127,NA,4.42291563437529,764477,8.49061487204408,12.9135305064194,166,0.353,0.388,0.778
Guyana,GUY,2002,NA,NA,2.12623027242775,NA,4.51138032814512,763652,8.27374713573796,12.7851274638831,166,0.362,0.386,0.79
Guyana,GUY,2003,NA,NA,2.12252375504684,NA,7.44220819895293,763101,9.50601931321641,16.9482275121693,166,0.372,0.399,0.8
Guyana,GUY,2004,NA,NA,2.19499014976037,NA,10.9842469120464,762418,10.2150338832305,21.1992807952769,166,0.372,0.407,0.8
Guyana,GUY,2005,NA,NA,1.94949757791288,NA,10.2017250727039,760914,10.709826959134,20.9115520318379,166,0.372,0.407,0.8
Guyana,GUY,2006,NA,NA,1.75844504233391,NA,3.86175133853088,758966,5.84460092890939,9.70635226744027,166,0.369,0.405,0.797
Guyana,GUY,2007,NA,NA,2.12324323752974,NA,5.09699621189489,756861,5.71051895068992,10.8075151625848,166,0.366,0.402,0.795
Guyana,GUY,2008,NA,NA,2.12760036363347,NA,4.96131051237912,754606,5.40224678237219,10.3635572947513,166,0.366,0.397,0.792
Guyana,GUY,2009,NA,NA,2.1659526601728,NA,5.63786957071604,752094,5.0779680570502,10.7158376277662,166,0.369,0.404,0.798
Guyana,GUY,2010,NA,NA,2.35059846033932,NA,6.67238486380367,749256,7.91981911075035,14.592203974554,166,0.369,0.399,0.798
Guyana,GUY,2011,NA,NA,2.45713680706236,NA,9.77962815865329,746153,6.75213812568389,16.5317662843372,166,0.369,0.399,0.797
Guyana,GUY,2012,NA,NA,2.68341444589756,NA,10.6312567656629,746288,5.90154637106427,16.5328031367272,166,0.369,0.398,0.795
Guyana,GUY,2013,NA,NA,2.63645951246698,5.3,6.92278944223584,750021,7.01969109185797,13.9424805340938,166,0.386,0.424,0.813
Guyana,GUY,2014,NA,NA,2.73802784035087,5.3,4.09918701066271,754229,6.69739577692741,10.7965827875901,166,0.385,0.424,0.814
Guyana,GUY,2015,NA,NA,2.73412223026143,5.3,3.16550800328258,758781,5.3989248347037,8.56443283798628,166,0.444,0.463,0.839
Guyana,GUY,2016,NA,NA,3.21708654858634,5.3,10.5698505108195,763548,5.5197023419084,16.0895528527279,166,0.456,0.466,0.844
Guyana,GUY,2017,NA,NA,3.21257965409595,5.3,8.2123798509571,768479,4.94926274440586,13.161642595363,166,0.457,0.485,0.846
Guyana,GUY,2018,NA,NA,3.26041366624724,5.3,2.2785365578723,791556,4.33010125958898,6.60863781746129,166,0.45,0.493,0.848
Guyana,GUY,2019,NA,NA,3.45861217212582,5.2,2.42171825040009,807665,3.45587704680829,5.96249594118667,166,0.426,0.473,0.833
Guyana,GUY,2020,NA,NA,4.12368835923074,5.2,2.65547682074311,807481,3.866708676766,13.8985430832365,166,0.386,0.409,0.787
Guyana,GUY,2021,NA,NA,4.07256076774227,5.2,9.37777501563664,815482,2.22332084873264,33.6832711741997,166,0.335,0.366,0.749
Guyana,GUY,2022,NA,NA,4.48373186699236,5.2,NA,821637,NA,NA,166,0.329,0.357,0.743
Guyana,GUY,2023,NA,NA,4.52651590785052,5.2,NA,826353,NA,NA,166,0.313,0.362,0.737
Guyana,GUY,2024,NA,NA,4.55860818422139,5.1,NA,831087,NA,NA,166,0.314,0.366,0.744
Haiti,HTI,2000,NA,48,0.20415141191579,NA,0,8303151,0.349449568493596,0.349449568493596,26,0.28,0.154,0.699
Haiti,HTI,2001,59,77,0.204353921123644,NA,0,8455918,0.383295015006936,0.383295015006936,26,0.27,0.147,0.683
Haiti,HTI,2002,NA,NA,0.226717169082679,NA,0,8607641,0.396885022338016,0.396885022338016,26,0.265,0.146,0.676
Haiti,HTI,2003,NA,NA,0.221166605326629,NA,0,8759912,0.518316847636601,0.518316847636601,26,0.259,0.144,0.673
Haiti,HTI,2004,NA,NA,0.200981721863878,NA,0,8910263,0.415056574952732,0.415056574952732,26,0.108,0.087,0.487
Haiti,HTI,2005,NA,NA,0.201859054461774,NA,0,9061273,0.353534370526786,0.353534370526786,26,0.097,0.084,0.494
Haiti,HTI,2006,NA,NA,0.200877507252704,NA,0,9216562,0.474483984535321,0.474483984535321,26,0.211,0.125,0.66
Haiti,HTI,2007,NA,NA,0.232981013295643,NA,0,9373296,0.403575652806683,0.403575652806683,26,0.299,0.151,0.733
Haiti,HTI,2008,NA,NA,0.226980515958095,NA,0,9530774,0.399712731958641,0.399712731958641,26,0.301,0.151,0.733
Haiti,HTI,2009,NA,NA,0.219132282396937,NA,0,9689581,0.337463725935536,0.337463725935536,26,0.296,0.149,0.726
Haiti,HTI,2010,NA,NA,0.26510476988653,NA,0,9803294,0.665741356287765,0.665741356287765,26,0.275,0.151,0.725
Haiti,HTI,2011,NA,NA,0.296967070987273,NA,0,9914904,0.530247287448995,0.530247287448995,26,0.262,0.139,0.71
Haiti,HTI,2012,41.1,58.5,0.273948632992746,NA,0,10069771,0.493447395435744,0.493447395435744,26,0.268,0.141,0.712
Haiti,HTI,2013,NA,NA,0.291263408593826,0,0,10222362,0.586507266755589,0.586507266755589,26,0.262,0.137,0.708
Haiti,HTI,2014,NA,NA,0.311214389725095,0,0,10373235,0.699288591917661,0.699288591917661,26,0.262,0.137,0.708
Haiti,HTI,2015,NA,NA,0.332026955191185,0,0,10523242,0.574767533630933,0.574767533630933,26,0.243,0.134,0.704
Haiti,HTI,2016,NA,NA,0.335286924737644,0,0,10671457,0.790216838420377,0.790216838420377,26,0.255,0.134,0.706
Haiti,HTI,2017,NA,NA,0.331556809297013,0.3,0,10817754,0.657342723836906,0.657342723836906,26,0.251,0.133,0.7
Haiti,HTI,2018,NA,NA,0.32453772280098,0.4,0,10962362,0.44034486815939,0.44034486815939,26,0.257,0.138,0.711
Haiti,HTI,2019,NA,NA,0.323714293972993,2.5,0,11105163,0.443318678876138,0.443318678876138,26,0.247,0.131,0.703
Haiti,HTI,2020,NA,NA,0.306345301003713,2.5,0,11243848,0.577844130610775,0.577844130610775,26,0.237,0.127,0.679
Haiti,HTI,2021,NA,NA,0.299641674870628,2.8,0,11374586,0.327641965983974,0.327641965983974,26,0.204,0.105,0.596
Haiti,HTI,2022,NA,NA,0.294629353613119,2.8,NA,11503606,NA,NA,26,0.154,0.076,0.466
Haiti,HTI,2023,NA,NA,0.290485897277037,2.8,NA,11637398,NA,NA,26,0.084,0.072,0.463
Haiti,HTI,2024,NA,NA,0.298473814991934,3,NA,11772557,NA,NA,26,0.101,0.075,0.473
Honduras,HND,2000,NA,NA,0.760181295401954,NA,0,6577773,1.37113446146867,1.37113446146867,27,0.326,0.222,0.777
Honduras,HND,2001,55.4,NA,0.871087022434027,NA,0.122281324946655,6757993,1.31600285802932,1.43828418297597,27,0.326,0.222,0.777
Honduras,HND,2002,55.7,NA,0.896055100701715,NA,0.0393012069447893,6938859,1.33123796911296,1.37053917605775,27,0.327,0.235,0.777
Honduras,HND,2003,58.1,NA,0.966806302887693,NA,0,7119213,1.21682443039075,1.21682443039075,27,0.333,0.233,0.784
Honduras,HND,2004,58.1,NA,1.07270947201765,NA,0.0273073731996834,7298994,1.14334492137147,1.17065229457115,27,0.333,0.233,0.784
Honduras,HND,2005,59.5,NA,0.948804917659031,NA,0.1475913596888,7478355,1.04843925527013,1.19616286119396,27,0.331,0.232,0.781
Honduras,HND,2006,57.5,NA,1.06403013674585,NA,0.677902472286333,7656832,1.25809014511116,1.9388652088634,27,0.312,0.224,0.763
Honduras,HND,2007,55.8,NA,1.10621869255595,NA,0.507112945978807,7834798,1.15158384206009,1.66136160268053,27,0.315,0.223,0.764
Honduras,HND,2008,55.5,NA,1.08143599564036,NA,0.126638687227696,8012587,1.07686374055148,1.20679031927745,27,0.323,0.221,0.762
Honduras,HND,2009,51.3,NA,0.997594720032567,NA,0.254646126193676,8189899,0.908210979788668,1.16441147896911,27,0.283,0.169,0.696
Honduras,HND,2010,53.1,NA,0.95425728178202,NA,0.525851263898386,8365878,1.83675935400602,2.36463288147641,27,0.239,0.153,0.676
Honduras,HND,2011,52.6,NA,1.11128244992174,NA,0.287792760238462,8540583,1.4138229586041,1.7044807548954,27,0.248,0.164,0.687
Honduras,HND,2012,53.4,NA,1.13935896829815,NA,0.333385271330321,8715076,1.2945886876331,1.63060548730794,27,0.24,0.161,0.686
Honduras,HND,2013,50,NA,1.13847266335916,7.5,0.074510080655601,8889278,1.70517520894673,1.78208817924239,27,0.255,0.158,0.681
Honduras,HND,2014,49.9,NA,1.09616752372968,12.2,0.263917349180621,9063122,2.00016004509279,2.2661279184441,27,0.27,0.165,0.7
Honduras,HND,2015,49.2,NA,1.17120740302502,12.2,0.117103934760925,9237305,1.45135837747734,1.56846231223826,27,0.245,0.163,0.692
Honduras,HND,2016,49.8,NA,1.03396802934008,12.4,0.161443706654027,9412380,1.85421965002139,2.01566335667541,27,0.254,0.164,0.692
Honduras,HND,2017,49.4,NA,0.974871343619725,12.4,0.135931983418249,9588137,1.59236944284216,1.72906722467945,27,0.244,0.16,0.687
Honduras,HND,2018,48.9,NA,0.922263832523827,10.9,1.78346864611042e-4,9765210,1.07049474400365,1.07184110988038,27,0.233,0.146,0.651
Honduras,HND,2019,48.2,NA,1.02100509944404,10.9,5.53274404353355e-4,9943633,0.915405073757307,0.916855208806467,27,0.229,0.144,0.652
Honduras,HND,2020,NA,NA,0.91129723982276,11,7.61747606675296e-4,10119640,1.23205369395678,1.23326098347167,27,0.233,0.143,0.661
Honduras,HND,2021,NA,73.6,1.00784489455025,11,0.384580133990368,10289877,0.838961473050968,1.22455313744521,27,0.248,0.152,0.679
Honduras,HND,2022,NA,NA,1.01020922274279,11,NA,10463872,NA,NA,27,0.389,0.261,0.786
Honduras,HND,2023,46.8,64.1,1.11312971877201,11,NA,10644851,NA,NA,27,0.398,0.269,0.782
Honduras,HND,2024,45.7,62.9,1.13551979026212,11.2,NA,10825703,NA,NA,27,0.383,0.278,0.781
Jamaica,JAM,2000,NA,NA,3.9283295741357,NA,1.36817354519982,2607826,0.123956313740569,1.49212985894039,120,0.549,0.504,0.852
Jamaica,JAM,2001,NA,NA,3.92801715285343,NA,1.39684596061856,2624403,0.12553383745512,1.52237979807368,120,0.549,0.504,0.852
Jamaica,JAM,2002,48.3,NA,3.88537029098241,NA,1.02073146319649,2640572,0.0924446099344572,1.22819587304474,120,0.566,0.521,0.863
Jamaica,JAM,2003,NA,NA,3.97384197908397,NA,0.966323422371571,2656623,0.10279010793927,1.24749541822483,120,0.617,0.561,0.886
Jamaica,JAM,2004,45.5,NA,3.96703121930227,NA,1.62871802800372,2672225,0.0931661599880931,1.88693412740829,120,0.617,0.561,0.886
Jamaica,JAM,2005,NA,NA,3.95557831478646,NA,1.89923424109251,2687066,0.0865905379764936,2.23829379024811,120,0.629,0.565,0.89
Jamaica,JAM,2006,NA,NA,4.55799550383418,NA,2.54906659371791,2700968,0.116813495222884,3.34935566603225,120,0.633,0.573,0.892
Jamaica,JAM,2007,NA,NA,4.50876999041934,NA,2.75727324751523,2713800,0.123260219775625,3.50487798321465,120,0.644,0.58,0.895
Jamaica,JAM,2008,NA,NA,3.62135795878758,NA,1.82211040570747,2725635,0.128659525689297,3.01994685420205,120,0.654,0.588,0.9
Jamaica,JAM,2009,NA,NA,2.94092608864832,NA,1.15247528096594,2736995,0.140453476681224,1.93833915588278,120,0.654,0.588,0.9
Jamaica,JAM,2010,NA,NA,2.79862095462073,NA,1.20174205243424,2748568,0.224589137919352,1.66861545913939,120,0.656,0.587,0.9
Jamaica,JAM,2011,NA,NA,2.75432585616922,NA,1.54488723432413,2760494,0.184359354717998,2.25616145768344,120,0.651,0.583,0.897
Jamaica,JAM,2012,NA,19.9,2.52991058385604,NA,1.16196916064023,2772430,0.175271301807009,1.83117834623622,120,0.667,0.595,0.906
Jamaica,JAM,2013,NA,24.6,2.68841288550042,1.4,1.09261847262838,2783687,0.221278910028189,1.78135528369404,120,0.679,0.601,0.912
Jamaica,JAM,2014,NA,20,2.58240808318858,1.4,1.09503492944202,2793749,0.250121749801201,1.78235182739347,120,0.679,0.604,0.912
Jamaica,JAM,2015,NA,21.2,2.53581223278647,1.4,1.05145271082101,2802534,0.214549127206141,1.26600183802715,120,0.679,0.606,0.912
Jamaica,JAM,2016,NA,17.1,2.71374756887664,1.4,0.964293031781216,2809915,0.25611335219318,1.28914557442918,120,0.685,0.611,0.915
Jamaica,JAM,2017,NA,19.3,2.59524590839289,1.4,1.12330060233655,2815764,0.225623463245554,1.52838623760003,120,0.696,0.633,0.919
Jamaica,JAM,2018,35.3,12.6,3.08184434790718,1.4,1.2855114527179199,2820097,0.176007380129564,1.72957545790371,120,0.688,0.623,0.916
Jamaica,JAM,2019,NA,11,2.98926316318908,1.4,0,2823271,0.151021002075915,0.364234398807819,120,0.703,0.645,0.918
Jamaica,JAM,2020,NA,NA,2.09235114929352,1.4,0,2830739,0.20714174603638,0.32243252555047,120,0.702,0.653,0.917
Jamaica,JAM,2021,39.9,16.7,2.28087572885193,1.4,0,2837682,0.16274860094682,0.457652062306756,120,0.691,0.655,0.913
Jamaica,JAM,2022,NA,NA,2.64695978787973,1.6,NA,2839144,NA,NA,120,0.692,0.65,0.912
Jamaica,JAM,2023,NA,8.2,2.7128452636924,1.6,NA,2839786,NA,NA,120,0.677,0.664,0.912
Jamaica,JAM,2024,NA,NA,2.84378384565939,1.6,NA,2839175,NA,NA,120,0.676,0.65,0.912
Mexico,MEX,2000,53.4,NA,4.02272121123337,NA,0.0689659453339466,98625552,0.0684645024890943,3.5781826113811,3,0.481,0.344,0.846
Mexico,MEX,2001,NA,NA,3.94395058441036,NA,0.0450579079364883,100099099,0.0647583327720538,2.60164301698472,3,0.484,0.344,0.852
Mexico,MEX,2002,50.6,NA,3.94830756150866,NA,0.0472079727522801,101548624,0.0647831387815131,2.74840903518892,3,0.494,0.35,0.858
Mexico,MEX,2003,NA,NA,4.08541432161845,NA,0.0535750541612422,102978515,0.0676496208835113,3.35934793986578,3,0.499,0.359,0.863
Mexico,MEX,2004,50.3,NA,4.12339368005276,NA,0.131562167776797,104394131,0.0626746292053891,4.19499035807608,3,0.505,0.365,0.868
Mexico,MEX,2005,50.9,NA,4.22758379844974,NA,0.194879672775774,105811504,0.0564561704190723,5.58648727639514,3,0.505,0.365,0.868
Mexico,MEX,2006,49.7,NA,4.32571227914951,NA,0.349434675566359,107253666,0.0676935775602247,6.1411361184755,3,0.478,0.346,0.847
Mexico,MEX,2007,NA,NA,4.32899168517287,NA,0.396355351677486,108774360,0.0665473983471124,5.75685331700591,3,0.454,0.326,0.828
Mexico,MEX,2008,50.8,NA,4.27910076303278,NA,0.333187525650902,110374288,0.0693930826594843,6.7408329915323,3,0.456,0.331,0.833
Mexico,MEX,2009,NA,NA,4.12122098054155,NA,0.307378174721435,111999721,0.0746356501956864,4.17264386033762,3,0.459,0.331,0.834
Mexico,MEX,2010,47.7,NA,4.19755809286418,NA,0.502379057813547,113623895,0.132266727975207,4.9517973655552,3,0.465,0.34,0.84
Mexico,MEX,2011,NA,NA,4.22179978144365,NA,0.872067632421353,115243504,0.100903566829113,7.12685649981166,3,0.468,0.342,0.841
Mexico,MEX,2012,49.6,NA,4.33350424276325,NA,0.795322265347299,116818208,0.0978850771398704,6.64761771453207,3,0.457,0.336,0.834
Mexico,MEX,2013,NA,NA,4.17443117084187,6,0.59037542903202,118343573,0.120316401596808,5.63992841356242,3,0.42,0.317,0.818
Mexico,MEX,2014,48.9,NA,4.01481960973153,6.3,0.414931244421241,119784261,0.144244778895991,4.74356172979305,3,0.421,0.315,0.817
Mexico,MEX,2015,NA,NA,4.05069677949307,6.3,0.36391708177676,121072306,0.128024371752287,2.18360553071428,3,0.433,0.329,0.83
Mexico,MEX,2016,46.9,43.2,4.06104469144067,19.1,0.477374396002239,122251351,0.184353917127319,1.97524669608099,3,0.434,0.328,0.83
Mexico,MEX,2017,NA,NA,4.05743329599921,19.1,0.555632855528948,123400057,0.165514971862054,2.36148896456378,3,0.44,0.333,0.827
Mexico,MEX,2018,46,41.9,3.83831705872518,18.9,0.423822774241611,124573711,0.114434607692261,2.8911069990433,3,0.452,0.372,0.848
Mexico,MEX,2019,NA,NA,3.92542377851696,18.9,0.274036355521412,125762982,0.102118280293066,2.09126302062882,3,0.428,0.396,0.853
Mexico,MEX,2020,44.6,43.9,3.46247141559905,18.9,0.464219554964667,126799054,0.147032678491114,1.55983378352436,3,0.406,0.365,0.842
Mexico,MEX,2021,NA,NA,3.54662489893704,18.9,1.36465937318187,127648148,0.105388324112049,3.64307338835023,3,0.371,0.331,0.818
Mexico,MEX,2022,43.5,36.3,3.52183828963573,19,NA,128613117,NA,NA,3,0.33,0.316,0.793
Mexico,MEX,2023,NA,NA,3.66576524934041,19,NA,129739759,NA,NA,3,0.302,0.295,0.77
Mexico,MEX,2024,42.6,29.6,3.63738680384754,19.9,NA,130861007,NA,NA,3,0.246,0.276,0.733
Nicaragua,NIC,2000,NA,NA,0.750642143274255,NA,0.137652458211628,5022633,1.21635629575207,1.3540087539637,59,0.378,0.28,0.8
Nicaragua,NIC,2001,52.9,45.8,0.784932657864608,NA,0.00116071955557833,5087825,1.14731828128097,1.14847900083655,59,0.373,0.281,0.802
Nicaragua,NIC,2002,NA,NA,0.802480199164684,NA,0.0542460000046331,5149909,1.08733388958463,1.14157988958926,59,0.377,0.291,0.809
Nicaragua,NIC,2003,NA,NA,0.868783754557459,NA,0.00161162442256623,5210963,1.12605049464508,1.12766211906764,59,0.371,0.287,0.803
Nicaragua,NIC,2004,NA,NA,0.880651905436692,NA,0.216976191670465,5272912,1.0748793844279,1.29185557609837,59,0.372,0.29,0.803
Nicaragua,NIC,2005,48.8,48.3,0.825573439683421,NA,0.136770969893077,5342105,0.977208810641339,1.11397978053442,59,0.372,0.29,0.803
Nicaragua,NIC,2006,NA,NA,0.861159783755055,NA,0.270117465049817,5418855,1.30900590905475,1.57912337410457,59,0.322,0.277,0.784
Nicaragua,NIC,2007,NA,NA,0.880041140622672,NA,0.302781528707398,5497243,1.23980703229217,1.54258856099957,59,0.216,0.237,0.706
Nicaragua,NIC,2008,NA,NA,0.833501745599867,NA,0.0831860228170077,5576593,1.15700989639219,1.4819143624518,59,0.203,0.23,0.695
Nicaragua,NIC,2009,43.9,42.5,0.803556764919428,NA,0.0914768307888851,5656601,1.08353274922932,1.31162414000297,59,0.197,0.227,0.691
Nicaragua,NIC,2010,NA,NA,0.814142171173605,NA,1.81988490265366,5737450,2.3080320616436,4.15315104137442,59,0.192,0.222,0.688
Nicaragua,NIC,2011,NA,NA,0.838899676253052,NA,3.29036422957445,5819051,1.77837454336858,5.12065108678162,59,0.188,0.215,0.678
Nicaragua,NIC,2012,NA,NA,0.82136320433153,NA,2.96560849044325,5901287,1.61356522754696,4.62546930334416,59,0.156,0.193,0.632
Nicaragua,NIC,2013,NA,NA,0.775237326501605,15.5,2.85461443967664,5983845,2.05539478193332,4.95048345059701,59,0.125,0.173,0.569
Nicaragua,NIC,2014,46.2,29.6,0.809215605987777,15.5,1.80386395737033,6066492,2.38322044545194,4.2211834678271,59,0.126,0.172,0.571
Nicaragua,NIC,2015,NA,NA,0.893922139285724,15.5,0.40222751206695,6149417,1.70317084401318,2.10539835608013,59,0.124,0.166,0.569
Nicaragua,NIC,2016,NA,24.9,0.918114335021321,15.5,0.904944489294892,6232666,2.20033806886868,3.11297731611032,59,0.12,0.161,0.553
Nicaragua,NIC,2017,NA,NA,0.899666272497,15.5,0.872480147766622,6316231,1.81762605112298,2.7029582269273,59,0.103,0.14,0.524
Nicaragua,NIC,2018,NA,NA,0.809411757353033,15.5,0.70147840677944,6400080,1.30381382544342,2.02687465495511,59,0.051,0.118,0.43
Nicaragua,NIC,2019,NA,NA,0.821126102136495,15.5,0.0453935747655657,6483657,1.22160234514415,1.28485958829485,59,0.046,0.115,0.419
Nicaragua,NIC,2020,NA,NA,0.72292566319085,10,0.0498653154241797,6565267,1.59982896829405,1.65812864181366,59,0.045,0.115,0.42
Nicaragua,NIC,2021,NA,NA,0.781445055571015,10,2.68031775817092,6644741,1.1399266267305601,3.84080893833151,59,0.034,0.101,0.385
Nicaragua,NIC,2022,NA,NA,0.781677382316785,10,NA,6730654,NA,NA,59,0.027,0.083,0.316
Nicaragua,NIC,2023,NA,NA,0.811432301333619,10,NA,6823613,NA,NA,59,0.021,0.098,0.315
Nicaragua,NIC,2024,NA,NA,0.829841501184187,10.1,NA,6916140,NA,NA,59,0.02,0.085,0.302
Panama,PAN,2000,56.6,37.9,1.72414079469992,NA,0.0236592233139777,3010369,0.113526164553835,0.137185387867812,92,0.549,0.47,0.878
Panama,PAN,2001,56.7,NA,2.02167297543571,NA,0.00954127696557157,3069537,0.114534951128502,0.124076228094074,92,0.558,0.479,0.882
Panama,PAN,2002,56.1,NA,1.72892465641361,NA,0.0182154367906796,3129344,0.104901871143008,0.123117307933687,92,0.558,0.479,0.882
Panama,PAN,2003,55.6,NA,1.71837982674187,NA,0.0357194563606147,3189807,0.10813695776312,0.143856414123735,92,0.558,0.479,0.882
Panama,PAN,2004,54.8,NA,1.69444397452598,NA,0.0620949478753675,3251155,0.0980526867175237,0.160147634592891,92,0.561,0.477,0.881
Panama,PAN,2005,53.8,36.6,2.1436596030336,NA,0,3313026,0.0987195742549029,0.0987195742549029,92,0.547,0.476,0.881
Panama,PAN,2006,54.6,38.3,2.21959903099948,NA,0,3375024,0.127267314799788,0.127267314799788,92,0.547,0.476,0.881
Panama,PAN,2007,52.7,36.5,2.17542451032585,NA,0,3437490,0.117743566419889,0.117743566419889,92,0.547,0.476,0.881
Panama,PAN,2008,52.7,33.8,2.07330185725614,NA,0,3500648,0.109519193886937,0.109519193886937,92,0.547,0.476,0.881
Panama,PAN,2009,51.8,33.4,2.43388683757432,NA,0.0480656681741952,3564381,0.0966362516937444,0.14470191986794,92,0.549,0.48,0.883
Panama,PAN,2010,51.6,29.8,2.52989154024971,NA,0.0653843256716674,3628535,0.169336064951859,0.234720390623527,92,0.554,0.481,0.886
Panama,PAN,2011,51.3,27.6,2.7068055952273,NA,0.140996354046386,3693505,0.128872476655381,0.269868830701767,92,0.554,0.481,0.886
Panama,PAN,2012,51.7,26.5,2.77914034053547,NA,0.152385822639332,3759256,0.108055430670905,0.260441253310238,92,0.554,0.481,0.886
Panama,PAN,2013,51.5,25.8,2.68272349907681,5.2,0.0832767345132817,3825329,0.118754657486849,0.216897753935313,92,0.547,0.491,0.887
Panama,PAN,2014,50.5,25.6,2.76763115859532,5.2,0.0714201888989479,3892101,0.132387498808345,0.231601530644453,92,0.544,0.49,0.885
Panama,PAN,2015,50.8,23,2.68464798922232,5.2,0.0300245179063201,3960035,0.104951322854754,0.138690460109424,92,0.553,0.497,0.891
Panama,PAN,2016,50.4,22.1,2.64685340546218,5.2,0.00926058332457286,4029086,0.11716614237166,0.131004580785833,92,0.55,0.498,0.89
Panama,PAN,2017,49.9,20.7,2.47597596022355,5.2,0.0077840509805903,4098707,0.116492314728545,0.124276365709136,92,0.553,0.474,0.881
Panama,PAN,2018,49.2,21.4,2.38158191493956,5.2,0,4167860,0.0994393790926708,0.0994393790926708,92,0.539,0.459,0.879
Panama,PAN,2019,49.8,21.5,3.10862634897395,5.2,0.233373966853015,4234700,0.0827383292351151,0.31611229608813,92,0.535,0.456,0.878
Panama,PAN,2020,NA,NA,2.2623129597758,15.3,0.414631791548971,4293261,0.120466074189975,0.535097865738947,92,0.533,0.447,0.873
Panama,PAN,2021,50.9,21.8,2.47873328262843,27.7,3.57863766648832,4345405,0.0861571934558768,3.6647948599442,92,0.544,0.46,0.881
Panama,PAN,2022,NA,22.2,2.60024772920576,27.7,NA,4400773,NA,NA,92,0.559,0.455,0.875
Panama,PAN,2023,48.9,21.7,2.85705058290883,27.7,NA,4458759,NA,NA,92,0.557,0.451,0.874
Panama,PAN,2024,49.7,NA,2.73829900364892,27.2,NA,4515577,NA,NA,92,0.578,0.471,0.877
Paraguay,PRY,2000,NA,NA,0.714113754757033,NA,0,5100868,1.45787297235915,1.46125820906746,189,0.391,0.196,0.769
Paraguay,PRY,2001,54.6,NA,0.729978223444004,NA,0,5187689,1.60757447354987,1.60887106842193,189,0.391,0.196,0.769
Paraguay,PRY,2002,57.3,NA,0.75363102243388,NA,0,5261328,2.06644461539792,2.06807979138211,189,0.391,0.194,0.769
Paraguay,PRY,2003,54.9,NA,0.768337402345583,NA,0,5326436,2.1405094286833,2.14219181665103,189,0.409,0.216,0.784
Paraguay,PRY,2004,52.3,NA,0.768516241584581,NA,0,5388175,1.64033653204543,1.64919367692685,189,0.428,0.227,0.803
Paraguay,PRY,2005,51.4,NA,0.701070483877214,NA,0,5448097,1.57676942951572,1.6488717465954,189,0.427,0.229,0.803
Paraguay,PRY,2006,53,NA,0.747663823025285,NA,0,5505148,1.82769554506963,1.92110670134396,189,0.433,0.24,0.803
Paraguay,PRY,2007,53,NA,0.703512941896821,NA,0,5559386,1.64733758618202,1.74879846359446,189,0.446,0.243,0.803
Paraguay,PRY,2008,50.7,NA,0.813688391744725,NA,0,5613574,1.37910328807313,1.53670993415519,189,0.493,0.289,0.818
Paraguay,PRY,2009,49.1,NA,0.831000508531121,NA,0,5671236,1.51544231767878,1.62701325231846,189,0.502,0.297,0.826
Paraguay,PRY,2010,51,NA,0.913894475939317,NA,0,5737971,1.93905632440049,2.08299287196264,189,0.509,0.299,0.83
Paraguay,PRY,2011,52.3,NA,0.937463561714889,NA,0,5814626,1.47353467744093,1.67187532266737,189,0.503,0.296,0.825
Paraguay,PRY,2012,47.6,NA,0.91780441878322,NA,0,5897008,1.47455168437489,1.69034010085165,189,0.48,0.26,0.811
Paraguay,PRY,2013,47.9,NA,0.942925509553368,6.5,0,5982445,1.50683472158591,1.6980914846184,189,0.407,0.229,0.796
Paraguay,PRY,2014,50.7,NA,0.980244689661672,6.5,0,6069811,1.5066579255286,1.68579710915118,189,0.414,0.234,0.802
Paraguay,PRY,2015,47.6,NA,1.08148865183778,6.5,0,6159103,1.59687454489978,1.69931574477657,189,0.416,0.236,0.8
Paraguay,PRY,2016,47.9,NA,1.20212010447541,6.5,0,6249126,1.81645151192893,1.89364402448299,189,0.414,0.234,0.799
Paraguay,PRY,2017,48.5,NA,1.33605525458062,6.5,0,6338660,1.63940581803516,1.68483913659766,189,0.418,0.244,0.802
Paraguay,PRY,2018,46,NA,1.3602583446884,14.3,0,6427382,1.44137638465142,1.51126155574886,189,0.417,0.237,0.794
Paraguay,PRY,2019,45.7,NA,1.30801598389454,14.3,0,6515058,1.31846118584505,1.37779411178328,189,0.42,0.242,0.796
Paraguay,PRY,2020,43.5,NA,1.1894625150994,14.3,0,6603739,1.65267093805515,1.68263325547904,189,0.42,0.242,0.791
Paraguay,PRY,2021,42.9,NA,1.19342950266764,14.3,0,6684182,1.27405261918214,1.34701587848651,189,0.427,0.248,0.791
Paraguay,PRY,2022,44.6,25.5,1.18410511467852,14.3,NA,6760464,NA,NA,189,0.43,0.242,0.791
Paraguay,PRY,2023,44.2,22.7,1.1312441318464,14.3,NA,6844146,NA,NA,189,0.42,0.24,0.79
Paraguay,PRY,2024,44.2,20.1,1.1581935050359,14.9,NA,6929153,NA,NA,189,0.39,0.252,0.793
Peru,PER,2000,49.1,48.4,1.08978642306542,NA,1.31664311353393,26598331,0.206357831813699,3.00673261080851,30,0.185,0.249,0.674
Peru,PER,2001,51.3,54.8,0.999072821437261,NA,0.610589038496482,26964601,0.193352168957457,1.87027989928496,30,0.567,0.429,0.876
Peru,PER,2002,53.6,54.3,1.02982177252548,NA,0.785423835993764,27288217,0.185588270930328,2.00486620297994,30,0.648,0.471,0.909
Peru,PER,2003,53.1,52.3,0.999006906693826,NA,1.74229444008445,27580490,0.173559339190321,3.0037165322875,30,0.651,0.476,0.909
Peru,PER,2004,49.9,58.7,1.1424738952305,NA,4.98151080514995,27852190,0.169943964954899,6.234603660457,30,0.651,0.477,0.909
Peru,PER,2005,50.4,55.6,1.13303782972815,NA,6.27793331682556,28101180,0.158512249767766,7.82322862890974,30,0.659,0.481,0.909
Peru,PER,2006,50.3,49.2,1.11175872498468,NA,11.7308572426194,28324491,0.199100187510279,13.4308080436867,30,0.652,0.478,0.909
Peru,PER,2007,50,42.4,1.20481100024924,NA,12.6076283382483,28530699,0.203831829134657,14.213314090691,30,0.647,0.48,0.911
Peru,PER,2008,47.5,37.3,1.3577960350417,NA,10.1907591712367,28719041,0.182180344922229,12.0258973772881,30,0.65,0.484,0.914
Peru,PER,2009,47,33.5,1.4525720502515,NA,7.93313937963605,28896811,0.153845154742738,8.9210124490135,30,0.649,0.493,0.913
Peru,PER,2010,45.5,30.8,1.57630028365174,NA,10.0296551530023,29086019,0.232133768026625,11.2141792512141,30,0.658,0.494,0.915
Peru,PER,2011,44.7,27.8,1.67824036552445,NA,11.0671310820787,29304086,0.185724618227566,12.7665949125059,30,0.67,0.501,0.919
Peru,PER,2012,44.4,25.8,1.6622975160443,NA,8.51955189006804,29550366,0.159329263520308,9.99927931288698,30,0.698,0.514,0.926
Peru,PER,2013,43.9,23.9,1.68769322902782,19.2,6.26699281690755,29817919,0.181783102720725,7.65420483078558,30,0.689,0.507,0.923
Peru,PER,2014,43.1,22.7,1.76825633140529,19.4,4.26013490615039,30115826,0.215684230101134,5.66292821656372,30,0.691,0.515,0.923
Peru,PER,2015,43.4,21.8,1.80255174406388,19.4,3.23811085118362,30457600,0.182731288588367,3.91148648466656,30,0.688,0.508,0.921
Peru,PER,2016,43.6,20.7,1.86289055051085,13.1,3.9330093820778,30866494,0.224375236979849,4.40523816648386,30,0.673,0.504,0.907
Peru,PER,2017,43.3,21.7,1.76274029927306,13.1,5.39664382886919,31324637,0.17754220831764,5.8962563954339,30,0.677,0.503,0.908
Peru,PER,2018,42.4,20.5,1.73514081818861,13.1,5.21656664025148,31897584,0.128648792937487,5.95602611154103,30,0.698,0.521,0.918
Peru,PER,2019,41.5,20.2,1.79270106356368,13.3,1.79031604115199,32449303,0.119571157344228,2.49912146958912,30,0.694,0.514,0.913
Peru,PER,2020,43.7,30.1,1.44746823545562,13.3,3.56025191286865,32838579,0.134349954427146,3.97961448773443,30,0.706,0.517,0.922
Peru,PER,2021,40.1,25.9,1.79843805693361,13.7,12.0963602788012,33155882,0.118747804117353,12.7247082349187,30,0.66,0.481,0.899
Peru,PER,2022,40.3,27.5,1.90408262918024,16.8,NA,33475438,NA,NA,30,0.621,0.442,0.88
Peru,PER,2023,40.7,29,1.92281618030482,16.8,NA,33845617,NA,NA,30,0.572,0.414,0.862
Peru,PER,2024,40.1,27.6,2.02424185179617,16.8,NA,34217848,NA,NA,30,0.501,0.38,0.83
Suriname,SUR,2000,NA,NA,3.10546887293005,NA,2.29570986124248,476643,0.385990256639607,12.3387388089747,4,0.665,0.575,0.903
Suriname,SUR,2001,NA,NA,3.12520552449852,NA,2.59158253077232,486560,0.445930133765641,11.6233257963328,4,0.662,0.578,0.903
Suriname,SUR,2002,NA,NA,2.25193383962574,NA,0.806549725816622,496551,0.385097053654106,7.86803705064934,4,0.662,0.578,0.903
Suriname,SUR,2003,NA,NA,2.43832121544823,NA,0.540561354718122,506414,0.412101602668897,6.93494800304082,4,0.662,0.578,0.903
Suriname,SUR,2004,NA,NA,2.71227401770304,NA,2.14606258880203,513923,0.337495065828781,8.9413724509072,4,0.662,0.578,0.903
Suriname,SUR,2005,NA,NA,3.25198868505121,NA,6.22665126158148,519313,0.333363216634798,15.2004474166859,4,0.654,0.569,0.897
Suriname,SUR,2006,NA,NA,2.91696904934695,NA,4.98891549688092,524997,0.344539190555779,13.1868444010477,4,0.649,0.562,0.893
Suriname,SUR,2007,NA,NA,2.66432649863658,NA,5.68559354253548,531016,0.336899402009019,14.3924082867818,4,0.645,0.559,0.893
Suriname,SUR,2008,NA,NA,2.7177544695623,NA,5.15410720267858,537245,0.364855111832628,15.9675361939534,4,0.647,0.56,0.893
Suriname,SUR,2009,NA,NA,2.6712389250287,NA,6.32960356067876,543568,0.362801385713238,11.3987131377577,4,0.647,0.56,0.893
Suriname,SUR,2010,NA,NA,3.18171816781622,NA,15.8268075926677,549923,0.512319436898175,22.1694362010361,4,0.632,0.557,0.889
Suriname,SUR,2011,NA,NA,3.51736300243228,NA,21.8087684433287,556269,0.699554081909713,31.9335594131783,4,0.627,0.561,0.887
Suriname,SUR,2012,NA,NA,4.34546142867553,NA,20.4115806580609,562633,0.716568264174121,29.1297720421828,4,0.624,0.559,0.887
Suriname,SUR,2013,NA,NA,4.02147551931391,8.5,12.964995495585,569020,0.694489666834738,20.7444083074763,4,0.627,0.559,0.888
Suriname,SUR,2014,NA,NA,4.55565346305788,8.5,6.09326812853332,575373,0.756486585407014,13.3454910423686,4,0.627,0.555,0.888
Suriname,SUR,2015,NA,NA,4.68702450195744,8.5,1.60688468256807,581627,0.978019126588831,5.12495877980327,4,0.633,0.56,0.892
Suriname,SUR,2016,NA,NA,5.03728581709788,8.5,10.6215455975275,587757,1.49980342023123,15.0617975898749,4,0.622,0.558,0.89
Suriname,SUR,2017,NA,NA,4.12724666631857,8.5,13.5863756645371,593713,2.18329705122212,19.7854729048857,4,0.626,0.55,0.887
Suriname,SUR,2018,NA,NA,3.58824579283518,8.5,0,599513,2.63904601872414,8.44388268533074,4,0.609,0.545,0.887
Suriname,SUR,2019,NA,NA,4.39326606885805,8.5,0,605768,2.17832676967563,6.83251753458721,4,0.583,0.543,0.883
Suriname,SUR,2020,NA,NA,4.25335243019547,8.5,0,612317,1.60021344457355,4.60122863820656,4,0.628,0.54,0.89
Suriname,SUR,2021,NA,NA,4.40057873816953,8.5,0,617896,1.64873811666235,9.59272209392741,4,0.639,0.563,0.894
Suriname,SUR,2022,39.2,17.6,4.59397526172885,8.5,NA,623164,NA,NA,4,0.655,0.574,0.904
Suriname,SUR,2023,NA,NA,3.96892282544054,8.5,NA,628886,NA,NA,4,0.633,0.563,0.895
Suriname,SUR,2024,NA,NA,4.06111933370217,8.6,NA,634431,NA,NA,4,0.634,0.576,0.896
Trinidad and Tobago,TTO,2000,NA,NA,14.5243806894211,NA,0,1319774,0.0195666832960228,14.0818626378959,135,0.66,0.651,0.904
Trinidad and Tobago,TTO,2001,NA,NA,16.3937394337668,NA,0,1325567,0.0180297729209875,10.1729837328617,135,0.633,0.628,0.891
Trinidad and Tobago,TTO,2002,NA,NA,17.6399444148735,NA,0,1332011,0.0187118805521328,11.8982860535807,135,0.643,0.638,0.896
Trinidad and Tobago,TTO,2003,NA,NA,20.2752801392984,NA,0,1338709,0.016731867584973,10.6549102773187,135,0.662,0.647,0.901
Trinidad and Tobago,TTO,2004,NA,NA,21.4812172025747,NA,0,1345380,0.0114880698467238,10.8323099394832,135,0.662,0.647,0.901
Trinidad and Tobago,TTO,2005,NA,NA,27.0529643242842,NA,0,1294494,0.0120510723898178,16.0670386642135,135,0.662,0.654,0.901
Trinidad and Tobago,TTO,2006,NA,NA,29.7041320734947,NA,0,1297944,0.0143750937831949,18.3898478452635,135,0.665,0.657,0.903
Trinidad and Tobago,TTO,2007,NA,NA,30.2514295711747,NA,0,1303188,0.0150056078513125,15.9606779203426,135,0.666,0.658,0.904
Trinidad and Tobago,TTO,2008,NA,NA,29.5374323602481,NA,0,1308587,0.0114559364156871,15.2710339879178,135,0.684,0.679,0.913
Trinidad and Tobago,TTO,2009,NA,NA,28.5737184624756,NA,0,1310106,0.0167568458680729,16.147506232455,135,0.684,0.68,0.913
Trinidad and Tobago,TTO,2010,NA,NA,31.1317933937106,NA,0,1317714,0.026449130943172,13.5019281289188,135,0.686,0.683,0.914
Trinidad and Tobago,TTO,2011,NA,NA,31.0660464948167,NA,0,1328019,0.0221843392655395,21.1902057775941,135,0.687,0.684,0.914
Trinidad and Tobago,TTO,2012,NA,NA,28.5171293459977,NA,0,1335194,0.0204095903647397,19.0454490519432,135,0.687,0.684,0.914
Trinidad and Tobago,TTO,2013,NA,NA,27.8473798577755,2.1,0,1340557,0.0214948641838368,18.9417880426583,135,0.665,0.635,0.902
Trinidad and Tobago,TTO,2014,NA,NA,27.651535705021,2.1,0,1345343,0.0448591924430179,15.5987828212435,135,0.662,0.637,0.902
Trinidad and Tobago,TTO,2015,NA,NA,27.2353106358828,2,0,1349667,0.0543678417439323,7.5354554955632,135,0.676,0.654,0.908
Trinidad and Tobago,TTO,2016,NA,NA,24.9048855339594,2,0,1353895,0.0610781387901807,4.12214241273861,135,0.676,0.655,0.908
Trinidad and Tobago,TTO,2017,NA,NA,23.9896125186399,2,0,1356633,0.0650133928930912,5.76137730000007,135,0.676,0.655,0.908
Trinidad and Tobago,TTO,2018,NA,NA,24.00159506413,2,0,1359193,0.0674631737217016,11.2320374302733,135,0.67,0.646,0.905
Trinidad and Tobago,TTO,2019,NA,NA,24.3573792966931,2,0,1363985,0.0578077193498528,11.0689882994292,135,0.676,0.652,0.906
Trinidad and Tobago,TTO,2020,NA,NA,21.8051912418372,2,0,1366725,0.0702349554326256,5.88215476519225,135,0.672,0.657,0.907
Trinidad and Tobago,TTO,2021,NA,NA,20.9747593886329,2,0,1367558,0.0543014411044929,7.85936855870429,135,0.672,0.657,0.909
Trinidad and Tobago,TTO,2022,NA,NA,20.8660094230143,2,NA,1365805,NA,NA,135,0.661,0.654,0.902
Trinidad and Tobago,TTO,2023,NA,NA,19.7069856893185,2,NA,1367510,NA,NA,135,0.661,0.648,0.902
Trinidad and Tobago,TTO,2024,NA,NA,19.5810522730943,2,NA,1368333,NA,NA,135,0.653,0.65,0.9
Uruguay,URY,2000,43.4,NA,1.70552622829056,NA,0.0185114499533399,3266206,0.174816634275126,0.193328084228466,102,0.797,0.748,0.947
Uruguay,URY,2001,45,NA,1.53241153472962,NA,0.00792616966800378,3274251,0.208951655079981,0.216877824747985,102,0.802,0.748,0.947
Uruguay,URY,2002,45.5,NA,1.40548549239722,NA,0.0241106990979999,3278867,0.43047927753373,0.45458997663173,102,0.802,0.748,0.947
Uruguay,URY,2003,45,NA,1.40046922058061,NA,0.0453230798895189,3281186,0.587054654345613,0.632377734235131,102,0.79,0.748,0.947
Uruguay,URY,2004,45.9,NA,1.7528908230759,NA,0.103684076538843,3283148,0.697210967806846,0.800895044345689,102,0.808,0.749,0.947
Uruguay,URY,2005,44.7,NA,1.69451857722282,NA,0.127580844762017,3285771,0.676755173176798,0.806565485741014,102,0.819,0.778,0.954
Uruguay,URY,2006,45.9,NA,1.97248462231107,NA,0.166644402452767,3289506,0.953556476559726,1.12340438595144,102,0.823,0.784,0.955
Uruguay,URY,2007,46.4,NA,1.85654505268799,NA,0.138069163738037,3295153,1.1461308459977,1.28842123844774,102,0.823,0.791,0.955
Uruguay,URY,2008,45.1,NA,2.39732758116842,NA,0.100828007838583,3302177,1.46339601490026,1.56798161399914,102,0.822,0.792,0.955
Uruguay,URY,2009,45.5,NA,2.36627935606604,NA,0.112282516468352,3310091,1.22944260683383,1.34673827245616,102,0.825,0.796,0.956
Uruguay,URY,2010,44.5,NA,1.94598292040572,NA,0.0942144321947679,3318580,1.9101506203386,2.02169884847788,102,0.847,0.811,0.964
Uruguay,URY,2011,42.2,NA,2.34076033455321,NA,0.102940114853116,3326825,1.30077729560365,1.43709496222999,102,0.847,0.811,0.964
Uruguay,URY,2012,39.9,NA,2.66279826623545,NA,0.0978419100423681,3335401,1.0489233724926,1.17962644777555,102,0.847,0.811,0.964
Uruguay,URY,2013,40.5,NA,2.28942554965314,1.7,0.0627354464964859,3345337,1.19298618558619,1.29138043579779,102,0.843,0.813,0.963
Uruguay,URY,2014,40.1,NA,2.00617697761903,1.7,0.0402289034813021,3356334,1.37666437336177,1.45872376049256,102,0.843,0.811,0.962
Uruguay,URY,2015,40.1,NA,2.04722838394224,1.7,0.0254240088810458,3368017,1.81375927361251,1.85218241655473,102,0.832,0.799,0.957
Uruguay,URY,2016,39.7,NA,2.0209020670953,2.3,0.0245594568058779,3379283,1.70738695903975,1.74168715941962,102,0.832,0.798,0.957
Uruguay,URY,2017,39.5,NA,1.89093027524777,2.3,0.020879571807839,3388438,1.80298893717932,1.82938511988003,102,0.828,0.786,0.954
Uruguay,URY,2018,39.7,NA,2.0241364499516,2.3,0.00791916693397748,3394534,1.95635852476187,1.97299244228802,102,0.836,0.793,0.957
Uruguay,URY,2019,39.7,NA,2.10646631378845,2.4,0,3397206,1.69897788133053,1.70632780467724,102,0.836,0.792,0.957
Uruguay,URY,2020,40.2,NA,2.03399973168326,2.4,0,3398968,2.2894658838165,2.29343009292959,102,0.808,0.756,0.944
Uruguay,URY,2021,40.8,NA,2.51768262973273,2.4,0.0121922933901486,3396695,1.9058269960478,1.92773520463627,102,0.789,0.724,0.937
Uruguay,URY,2022,40.6,9.9,2.38667285182486,2.4,NA,3390913,NA,NA,102,0.747,0.67,0.922
Uruguay,URY,2023,40.9,19.7,2.41753370123087,2.4,NA,3388081,NA,NA,102,0.756,0.697,0.928
Uruguay,URY,2024,40,17.3,2.56756948291319,2.4,NA,3386588,NA,NA,102,0.768,0.681,0.934
